 pass this legislation, but we are not. "When there are very difficult circumstances like this, some parents don't want to have to wait until next year. "People have to know they are not going to be held liable for a parent's death in the event that their child dies. "There are many other parents who have experienced the same situation and who have written to us asking for a legal duty of care at higher education institutions. "I feel the same way about this. "I want to see more research done into ways that higher education institutions can help with mental health issues. "I hope that the Scottish government will pass this legislation, but we are not. "I think the UK government needs to look more closely at what the rules are and get it right." The LEARN Network calls on Westminster to:

- Implement the new law by 21 May

- Repeal the death penalty for any university who fails to provide support to students

- Require schools to provide higher education students with legal duty of care

- End the practice of legal duty of care for any university in Scotland by the end of 2019

- Ensure that all universities offer "special circumstances" plans

- End legal duty of care for all university students

- Encourage universities to offer "special circumstances" plans to students

- Resit the death penalty for any university who fails to provide support to students

- End the practice of legal duty of care for any university in Scotland by the end of 2019

- End the death penalty for any university who fails to provide support to students

- Re-establish the right to legal duty of care for university students

- End legal duty of care for any university in Scotland by the end of 2019

- End the practice of legal duty of care for any university in Scotland by the end of 2019

- End the death penalty for any university who fails to provide support to students

- End the death penalty for any university who fails to provide support to students

- End the death penalty for any university who fails to provide support to students

- End the practice of legal duty of care for any university in Scotland by